id,kind,parent,label,repo,source,lane,importance,relationship,child_count,visual_radius,distance,theta_deg,x,y,z,orbit_radius,orbit_speed,phase,notes,actions,dust_policy
apex:jarvis-core,apex,,JARVIS Apex Core / Arc Hologram,WORLD_MANIFEST.sun + buildBrain + morphLiquid + faceMesh + sunFace,"manifest, jarvis_live.html",center,1.0,1.0,15,48,0,0,0,0,0,0,0,0,Largest object; central voice-reactive morphing hologram/reaction core.,"Talk, listen, pulse, command",none
planet:budget-token-governor,planet,apex:jarvis-core,Budget / Token Governor,services/token_governor.py + /budget,repo/runtime/manual seed,budget,0.56,0.56,1,25.8090808735458,427.97046493024027,54.4309905374282,121.88258202466328,113.34715951106638,-427.97046493024027,427.97046493024027,0.003978607373874236,0.6516193800630005,"Daily spend, economy mode, model/tier governance.","Focus planet, show moons, breadcrumb",no dust directly; dust belongs under moons
planet:voice-tts,planet,apex:jarvis-core,Voice / TTS,"/tts, Piper, XTTS, JARVIS voice modulation",repo/runtime/manual seed,voice,0.58,0.58,2,26.213597856675317,415.3111744290064,100.26761414789407,-35.74051500076728,131.09824323708713,-415.3111744290064,415.3111744290064,0.0041012445897140965,4.335111121891116,"Speech output, voice clone fallback, audio cache.","Focus planet, show moons, breadcrumb",no dust directly; dust belongs under moons
planet:guardian,planet,apex:jarvis-core,Guardian,"Guardian WebRTC overlay, safety rules, mum lifeline",repo/runtime/manual seed,guardian,0.68,0.68,2,28.180995480679957,355.2985119658675,83.07888029396936,19.215127244223375,104.6841643221727,-355.2985119658675,355.2985119658675,0.004771725135631146,4.679361456808073,Life/safety video monitor and secure two-way interaction.,"Focus planet, show moons, breadcrumb",no dust directly; dust belongs under moons
planet:climate,planet,apex:jarvis-core,Climate,"services/climate_relay.py, AirTouch/Daikin bridge",repo/runtime/manual seed,guardian,0.6,0.6,2,26.614227078705877,402.8611883413661,220.5866443440072,-145.62841346658638,-82.8237158102118,-402.8611883413661,402.8611883413661,0.004227547865324682,2.6541020254320338,"Home climate intent, zones, heating/cooling actions.","Focus planet, show moons, breadcrumb",no dust directly; dust belongs under moons
planet:jarvis-live-ui,planet,apex:jarvis-core,JARVIS Live UI,server/jarvis_live.html + dashboard shell,repo/runtime/manual seed,ui,0.96,0.96,5,33.30486167285259,228.16810924733153,-2.8647889756541165,80.57941413429837,-2.618278626454195,-228.16810924733153,228.16810924733153,0.007134154287062881,6.177195594703667,"Major visual/interaction destination: Apex Core, Three.js, camera, HUD, dock, fly-to, panels.","Focus planet, show moons, breadcrumb",no dust directly; dust belongs under moons
planet:glb-media-studio,planet,apex:jarvis-core,GLB / Media Studio,"/library, media_gen, generated GLBs, Asset Forge",repo/runtime/manual seed,media,0.7,0.7,3,28.564439031411585,344.0092963730861,117.45634800181875,-70.10707512470783,89.13618398596459,-344.0092963730861,344.0092963730861,0.004918012440654395,2.561201901210196,"Generated models, image studio, GLB loader, asset previews.","Focus planet, show moons, breadcrumb",no dust directly; dust belongs under moons
planet:underworld,planet,apex:jarvis-core,Underworld,underworld/ web + backend + scene components,repo/runtime/manual seed,underworld,0.5,0.5,2,24.570338612740564,467.14399083747645,151.83381570966816,-210.03117086926267,74.97211849081219,-467.14399083747645,467.14399083747645,0.003631471144641062,2.8411458537218057,Underworld game/world layer and minion/scene system.,"Focus planet, show moons, breadcrumb",no dust directly; dust belongs under moons
planet:knowledge-ontology,planet,apex:jarvis-core,Knowledge / Ontology,"server/data/brain.db, /graphdata, WORLD_MANIFEST.domains",repo/runtime/manual seed,knowledge,0.92,0.92,5,32.60156319737825,240.82150089258224,-54.4309905374282,51.43803499493898,-46.85639589687172,-240.82150089258224,240.82150089258224,0.00678016564238567,0.370522131694577,Major ontology and graph navigation domain. Documents remain dust unless selected/searched.,"Focus planet, show moons, breadcrumb",no dust directly; dust belongs under moons
planet:documents-ingestion,planet,apex:jarvis-core,Documents / Ingestion,"Document Ingestor, scraper engines, OCR docs, Document objects",repo/runtime/manual seed,knowledge,0.74,0.74,2,29.322267040545505,322.2243997754025,83.07677351260963,16.63935350003378,90.33267732884374,-322.2243997754025,322.2243997754025,0.005223352249681698,5.719076381715795,Document pipeline as domain; individual documents are dust unless promoted.,"Focus planet, show moons, breadcrumb",no dust directly; dust belongs under moons
planet:correlation-graph,planet,apex:jarvis-core,Correlation / Graph,"services/correlator.py, graph_stream.py, GraphCanvas, PlaneGraph",repo/runtime/manual seed,knowledge,0.72,0.72,2,28.944826799113365,332.98060389565137,220.58453756264748,-110.05384987056851,-62.21526136770771,-332.98060389565137,332.98060389565137,0.0050685446640245085,1.1446188873804,"Entity dedupe, ont_links, stream, layout engine, graph policy.","Focus planet, show moons, breadcrumb",no dust directly; dust belongs under moons
planet:agent-os,planet,apex:jarvis-core,Agent OS,server/agent.py + /agent/tools + services/aip_tools.py,repo/runtime/manual seed,intelligence,0.84,0.84,2,31.168609313373313,273.07653047875647,14.32394487827058,104.35320842563738,17.457559509470624,-273.07653047875647,273.07653047875647,0.006059071359414536,2.6126943559410383,"Tool registry, planner/executor, governed actions, approvals.","Focus planet, show moons, breadcrumb",no dust directly; dust belongs under moons
planet:inference-fabric,planet,apex:jarvis-core,Inference Fabric,services/tiered_llm.py + services/llm_gate.py + routing metrics,repo/runtime/manual seed,intelligence,0.82,0.82,2,30.804496775409227,282.22407243177025,151.83170892830842,-99.81808612658108,35.06548593946671,-282.22407243177025,282.22407243177025,0.005884304607988534,5.7595332232121965,"Tiered LLM calls, routing, model selection, GPU/local fallback.","Focus planet, show moons, breadcrumb",no dust directly; dust belongs under moons
planet:self-development,planet,apex:jarvis-core,Self-Development,"/suggestions, /proposal, /upgrade, FEATURES.md",repo/runtime/manual seed,intelligence,0.8,0.8,4,30.437888821909063,291.73499024756927,289.3394729783463,39.41781065033978,-73.77323563815295,-291.73499024756927,291.73499024756927,0.00571307372027269,5.685496934623507,"Upgrade suggestions, proposals, build execution, rollback, scheduler.","Focus planet, show moons, breadcrumb",no dust directly; dust belongs under moons
planet:infrastructure,planet,apex:jarvis-core,Infrastructure,"/metrics vps + box, Hostinger VPS, Vast GPU 2x4090",repo/runtime/manual seed,infrastructure,0.88,0.88,4,31.889647383967482,255.99442428596694,48.70141258611997,64.33692368269702,47.850110384054844,-255.99442428596694,255.99442428596694,0.006417063921901091,4.119554895881752,"Compute, GPU, VPS, PM2, Docker, storage, network health.","Focus planet, show moons, breadcrumb",no dust directly; dust belongs under moons
planet:automation-runners,planet,apex:jarvis-core,Automation / Runners,server/dashboard.py RUNNER_SET + TASKS + PM2 workers,repo/runtime/manual seed,automation,0.93,0.93,6,32.778177068995106,237.38692991280823,-20.05352282957881,81.12550982133138,-19.275391603649695,-237.38692991280823,237.38692991280823,0.006870342698883021,0.3105526328417043,"Major running automation system: knowledge builder, correlator, ingestor, live producer, feedback, heavy worker.","Focus planet, show moons, breadcrumb",no dust directly; dust belongs under moons
moon:apex-core,moon,planet:jarvis-live-ui,Apex Core / Arc Hologram,jarvis_iron_man_helmet.glb + liquid metal face + reactor stack,repo/runtime/manual seed,local,1.0,1.0,0,13.988041902598086,local,0.0,local orbit,local orbit,local orbit,65.29290357545068,0.028440378511071042,5.11394255049903,Central morphing hologram and voice-reactive reactor.,"Focus moon, show top meteorites, reveal dust cloud",may own instanced dust cloud
moon:three-universe,moon,planet:jarvis-live-ui,Three.js Universe,server/jarvis_live.html initUniverse/buildBrain/buildDomainPlanets,repo/runtime/manual seed,local,0.94,0.94,0,13.755853726282727,local,81.74028251722399,local orbit,local orbit,local orbit,65.06071539913532,0.02750485244572574,1.7507293817250464,"Renderer, scene, camera, post FX, body map.","Focus moon, show top meteorites, reveal dust cloud",may own instanced dust cloud
moon:camera-system,moon,planet:jarvis-live-ui,Camera / Navigation,OrbitControls + flyToQuery + flyToBody + flyHome,repo/runtime/manual seed,local,0.9,0.9,0,13.598755321609197,local,163.48056503444798,local orbit,local orbit,local orbit,64.90361699446179,0.02687983815440865,3.388290968387979,Home/focus/search camera modes and tweening.,"Focus moon, show top meteorites, reveal dust cloud",may own instanced dust cloud
moon:search-flyto,moon,planet:jarvis-live-ui,Search / Fly-To,"flyToQuery, bodyMap, graphdata selectNode",repo/runtime/manual seed,local,0.86,0.86,1,13.439688955919985,local,245.22084755167197,local orbit,local orbit,local orbit,68.74455062877257,0.025478495382903022,6.176875885660713,Intent search and hierarchical camera flight.,"Focus moon, show top meteorites, reveal dust cloud",may own instanced dust cloud
moon:hud-dock,moon,planet:jarvis-live-ui,HUD / Dock / Panels,"top bar, dock, glass panels, command bar",repo/runtime/manual seed,local,0.82,0.82,0,13.278536616797087,local,326.96113006889595,local orbit,local orbit,local orbit,64.58339828964968,0.02562657046269995,4.778413562634643,"DOM overlays, dock, glass cards, drag-to-pin.","Focus moon, show top meteorites, reveal dust cloud",may own instanced dust cloud
moon:knowledge-builder,moon,planet:automation-runners,Knowledge Builder,jarvis-batch-loader,repo/runtime/manual seed,local,0.9,0.9,0,13.383703983763388,local,0.0,local orbit,local orbit,local orbit,64.1618810527585,0.02703476231213022,1.5163962525264953,Enriches topics into notes via LLM tier ladder.,"Focus moon, show top meteorites, reveal dust cloud",may own instanced dust cloud
moon:cross-correlator,moon,planet:automation-runners,Cross-Correlator,jarvis-correlator,repo/runtime/manual seed,local,0.86,0.86,0,13.227153100847321,local,69.74028251722399,local orbit,local orbit,local orbit,64.00533016984242,0.026404919330447415,3.482107224576318,Entity dedupe and canonical linking.,"Focus moon, show top meteorites, reveal dust cloud",may own instanced dust cloud
moon:document-ingestor,moon,planet:automation-runners,Document Ingestor,jarvis-ingestor,repo/runtime/manual seed,local,0.82,0.82,0,13.068549232176737,local,139.48056503444798,local orbit,local orbit,local orbit,63.84672630117184,0.025773987834876333,4.430248716410237,Fresh arXiv/OCR/document ingestion.,"Focus moon, show top meteorites, reveal dust cloud",may own instanced dust cloud
moon:live-data-producer,moon,planet:automation-runners,Live Data Producer,jarvis-orchestrator,repo/runtime/manual seed,local,0.8,0.8,0,12.988437629411868,local,209.22084755167197,local orbit,local orbit,local orbit,63.766614698406975,0.025458110694373304,1.509719046758233,"Live weather, air, quake, crypto measurements.","Focus moon, show top meteorites, reveal dust cloud",may own instanced dust cloud
moon:self-learning-loop,moon,planet:automation-runners,Self-Learning Loop,jarvis-feedback,repo/runtime/manual seed,local,0.78,0.78,0,12.907763211026479,local,278.96113006889595,local orbit,local orbit,local orbit,63.68594028002158,0.025141957605201784,4.213822888006812,Converts failures/errors into lessons.,"Focus moon, show top meteorites, reveal dust cloud",may own instanced dust cloud
moon:heavy-worker,moon,planet:automation-runners,Heavy Worker,jarvis-worker,repo/runtime/manual seed,local,0.72,0.72,0,12.662171953690605,local,348.70141258612,local orbit,local orbit,local orbit,63.44034902268571,0.024191830278260558,3.4326151479354325,Autobuild/enrich/proactive background loops.,"Focus moon, show top meteorites, reveal dust cloud",may own instanced dust cloud
moon:measurements,moon,planet:knowledge-ontology,Measurements,ont_object type=Measurement,repo/runtime/manual seed,local,0.88,0.88,1,13.23398458169662,local,0.0,local orbit,local orbit,local orbit,67.83554777907486,0.02597058383760119,4.927414921631156,Live measurement domain; individual measurements are dust unless active.,"Focus moon, show top meteorites, reveal dust cloud",may own instanced dust cloud
moon:knowledge-graph,moon,planet:knowledge-ontology,Knowledge Graph,"/graphdata, ont_link, graph stream",repo/runtime/manual seed,local,0.86,0.86,2,13.155883160646184,local,81.74028251722399,local orbit,local orbit,local orbit,69.41430060751681,0.025355281702274426,1.7613404912428205,Bounded graph for navigation and relationship scoring.,"Focus moon, show top meteorites, reveal dust cloud",may own instanced dust cloud
moon:topics,moon,planet:knowledge-ontology,Topics,ont_object type=Topic,repo/runtime/manual seed,local,0.84,0.84,0,13.077271460188676,local,163.48056503444798,local orbit,local orbit,local orbit,63.678834657566924,0.02614023361859267,2.6682088918086406,Topic objects and relationships; low-level topics are dust.,"Focus moon, show top meteorites, reveal dust cloud",may own instanced dust cloud
moon:ontology-objects,moon,planet:knowledge-ontology,Ontology Objects,ont_object register,repo/runtime/manual seed,local,0.82,0.82,0,12.998133874072717,local,245.22084755167197,local orbit,local orbit,local orbit,63.59969707145096,0.025823994031009902,4.974668057742089,Object types and counts.,"Focus moon, show top meteorites, reveal dust cloud",may own instanced dust cloud
moon:recent-learning,moon,planet:knowledge-ontology,Recent Learning,learning.recent_notes + recent_topics,repo/runtime/manual seed,local,0.68,0.68,2,12.42793225234925,local,326.96113006889595,local orbit,local orbit,local orbit,68.68634969921987,0.02260974466310857,0.41791455516170567,"Recent knowledge as meteorites, older entries as dust.","Focus moon, show top meteorites, reveal dust cloud",may own instanced dust cloud
moon:vast-gpu-box,moon,planet:infrastructure,Vast GPU Box,"_box metrics, Ollama /api/ps",repo/runtime/manual seed,local,0.92,0.92,1,13.096347524437206,local,0.0,local orbit,local orbit,local orbit,66.98599490840469,0.02678272055166515,5.082870654714045,"2x4090 VRAM, resident models, endpoint reachability.","Focus moon, show top meteorites, reveal dust cloud",may own instanced dust cloud
moon:vps-server,moon,planet:infrastructure,VPS Server,"_vps metrics, Hostinger",repo/runtime/manual seed,local,0.86,0.86,1,12.868599964906611,local,99.74028251722399,local orbit,local orbit,local orbit,66.7582473488741,0.02585475656079228,1.8339168168464224,"CPU, RAM, disk, load, OS and host metadata.","Focus moon, show top meteorites, reveal dust cloud",may own instanced dust cloud
moon:pm2-processes,moon,planet:infrastructure,PM2 Processes,_workers pm2 jlist,repo/runtime/manual seed,local,0.8,0.8,2,12.63635543852095,local,199.48056503444798,local orbit,local orbit,local orbit,68.1828570719808,0.02461984154287397,0.02083609204886188,"Worker status, CPU, memory, restarts, uptime.","Focus moon, show top meteorites, reveal dust cloud",may own instanced dust cloud
moon:storage,moon,planet:infrastructure,Storage,disk_total_gb/disk_used_gb health,repo/runtime/manual seed,local,0.78,0.78,0,12.55786789024145,local,299.22084755167197,local orbit,local orbit,local orbit,62.44751527420893,0.025390034495647657,1.4799050103627194,"Disk guard, capacity, write safety.","Focus moon, show top meteorites, reveal dust cloud",may own instanced dust cloud
moon:tool-registry,moon,planet:agent-os,Tool Registry,_agent_tools /agent/tools,repo/runtime/manual seed,local,0.86,0.86,1,12.577635615937067,local,0.0,local orbit,local orbit,local orbit,65.74624492931038,0.026052982002763403,1.8861663814226763,Agent tools and status.,"Focus moon, show top meteorites, reveal dust cloud",may own instanced dust cloud
moon:planner-executor,moon,planet:agent-os,Planner / Executor,"_agent_run, server.agent.CORE",repo/runtime/manual seed,local,0.82,0.82,0,12.426819967837496,local,189.740282517224,local orbit,local orbit,local orbit,61.59542928121081,0.026240777151642282,0.03153374194855306,Runs commands with permission engine.,"Focus moon, show top meteorites, reveal dust cloud",may own instanced dust cloud
moon:llm-router,moon,planet:inference-fabric,LLM Router,services/llm_gate.py routing_stats,repo/runtime/manual seed,local,0.84,0.84,0,12.356424877164438,local,0.0,local orbit,local orbit,local orbit,61.16092165257366,0.02667288592017252,3.2539004393431528,Inference routing and call counts.,"Focus moon, show top meteorites, reveal dust cloud",may own instanced dust cloud
moon:tiered-models,moon,planet:inference-fabric,Tiered Models,services/tiered_llm.py stats,repo/runtime/manual seed,local,0.8,0.8,0,12.206361697010864,local,189.740282517224,local orbit,local orbit,local orbit,61.01085847242009,0.026026710612275048,6.246119925260452,Tier/call/model lattice.,"Focus moon, show top meteorites, reveal dust cloud",may own instanced dust cloud
moon:upgrade-builder,moon,planet:self-development,Upgrade Builder,/upgrade route + Claude Code on VPS,repo/runtime/manual seed,local,0.86,0.86,1,12.282764067889127,local,0.0,local orbit,local orbit,local orbit,64.72065288979819,0.026258594176609626,6.163577862301566,Executes selected upgrade.,"Focus moon, show top meteorites, reveal dust cloud",may own instanced dust cloud
moon:suggestions,moon,planet:self-development,Suggestions,/suggestions + _gen_suggestions,repo/runtime/manual seed,local,0.82,0.82,1,12.135484159334167,local,99.74028251722399,local orbit,local orbit,local orbit,64.57337298124324,0.025628559706016695,3.9962848790591994,AI-generated build ideas.,"Focus moon, show top meteorites, reveal dust cloud",may own instanced dust cloud
moon:proposals,moon,planet:self-development,Proposals,/proposal?id=,repo/runtime/manual seed,local,0.76,0.76,1,11.910723602680783,local,199.48056503444798,local orbit,local orbit,local orbit,64.34861242458985,0.024681607421724334,4.262154128911101,Readable build proposal pages.,"Focus moon, show top meteorites, reveal dust cloud",may own instanced dust cloud
moon:rollback-scheduler,moon,planet:self-development,Rollback / Scheduler,FEATURES + suggested actions,repo/runtime/manual seed,local,0.7,0.7,0,11.680933302224455,local,299.22084755167197,local orbit,local orbit,local orbit,60.118822124133516,0.024509149648036688,4.112214432314556,"Rollback, scheduler, forecaster, approvals, replay.","Focus moon, show top meteorites, reveal dust cloud",may own instanced dust cloud
moon:ocr-ingest,moon,planet:documents-ingestion,OCR / Scrape Ingest,services/jarvis_scrape.py + scrapers,repo/runtime/manual seed,local,0.82,0.82,2,11.690689497826613,local,0.0,local orbit,local orbit,local orbit,64.66981078786449,0.025609443489642513,5.9068862260962485,"Scrape/OCR batches become meteorites, pages as dust.","Focus moon, show top meteorites, reveal dust cloud",may own instanced dust cloud
moon:document-vault,moon,planet:documents-ingestion,Document Vault,Document objects + jarvis_document_vault_book GLB,repo/runtime/manual seed,local,0.78,0.78,3,11.546855670868181,local,189.740282517224,local orbit,local orbit,local orbit,65.7973259416892,0.024735275417725813,5.1925829743666485,Document store; individual docs are dust.,"Focus moon, show top meteorites, reveal dust cloud",may own instanced dust cloud
moon:layout-engine,moon,planet:correlation-graph,Layout Engine,engine/layoutEngine + graphPolicy,repo/runtime/manual seed,local,0.8,0.8,0,11.469462648367427,local,0.0,local orbit,local orbit,local orbit,58.41428944748079,0.026598877053037845,1.7995372442655095,"Graph layout, camera, GPU picking.","Focus moon, show top meteorites, reveal dust cloud",may own instanced dust cloud
moon:graph-stream,moon,planet:correlation-graph,Graph Stream,services/graph_stream.py,repo/runtime/manual seed,local,0.78,0.78,0,11.398222961597504,local,189.740282517224,local orbit,local orbit,local orbit,58.34304976071087,0.026267957730392536,4.14807297118641,Binary graph delta stream.,"Focus moon, show top meteorites, reveal dust cloud",may own instanced dust cloud
moon:glb-library,moon,planet:glb-media-studio,GLB Library,/library + GLB_DIR,repo/runtime/manual seed,local,0.82,0.82,2,11.388546012969517,local,0.0,local orbit,local orbit,local orbit,63.609839293873485,0.025821935205400867,0.9562156629460054,Generated GLB assets; inactive models dust.,"Focus moon, show top meteorites, reveal dust cloud",may own instanced dust cloud
moon:model-loader,moon,planet:glb-media-studio,Model Loader,enqueueGLB + GLTFLoader,repo/runtime/manual seed,local,0.76,0.76,0,11.177619451841842,local,129.740282517224,local orbit,local orbit,local orbit,57.74205848325343,0.02605534945919352,4.5738453289503935,Concurrent-capped GLB loading and fitting.,"Focus moon, show top meteorites, reveal dust cloud",may own instanced dust cloud
moon:image-studio,moon,planet:glb-media-studio,Image Studio,media_gen.py + image/3D commands,repo/runtime/manual seed,local,0.7,0.7,0,10.961972727267769,local,259.480565034448,local orbit,local orbit,local orbit,57.52641175867935,0.02505531299184069,3.0751937811890655,Image and model generation.,"Focus moon, show top meteorites, reveal dust cloud",may own instanced dust cloud
moon:life-safety,moon,planet:guardian,Life-Safety Rules,FEATURES HR7,repo/runtime/manual seed,local,0.86,0.86,0,11.372027827314069,local,0.0,local orbit,local orbit,local orbit,57.553023307994025,0.027845745204434443,1.2485275155017472,"Never break mum lifeline, voice/video safety.","Focus moon, show top meteorites, reveal dust cloud",may own instanced dust cloud
moon:guardian-monitor,moon,planet:guardian,Guardian Monitor,ovGuardian iframe + setMode(guardian),repo/runtime/manual seed,local,0.84,0.84,0,11.304075380926475,local,189.740282517224,local orbit,local orbit,local orbit,57.48507086160643,0.027512463704326882,4.031904128420772,Secure two-way video.,"Focus moon, show top meteorites, reveal dust cloud",may own instanced dust cloud
moon:climate-zones,moon,planet:climate,Climate Zones,climate_relay state zones/acs,repo/runtime/manual seed,local,0.78,0.78,1,10.480452907839398,local,0.0,local orbit,local orbit,local orbit,59.09467998654527,0.026100370950998254,6.113765634816467,AirTouch/Daikin zone state.,"Focus moon, show top meteorites, reveal dust cloud",may own instanced dust cloud
moon:climate-intent,moon,planet:climate,Climate Intent,"_climate_handle, parse_intent",repo/runtime/manual seed,local,0.76,0.76,0,10.414477314381825,local,189.740282517224,local orbit,local orbit,local orbit,55.0287043930877,0.026689988680753417,0.9477004966417387,I am cold / set temp / zones / status.,"Focus moon, show top meteorites, reveal dust cloud",may own instanced dust cloud
moon:tts-engine,moon,planet:voice-tts,TTS Engine,Piper + XTTS + /tts,repo/runtime/manual seed,local,0.78,0.78,1,10.32268857816044,local,0.0,local orbit,local orbit,local orbit,58.53628643483576,0.026224564741859656,0.3612543627955018,Voice synthesis pipeline.,"Focus moon, show top meteorites, reveal dust cloud",may own instanced dust cloud
moon:voice-modulator,moon,planet:voice-tts,Voice Modulator,"_modulate ffmpeg, semitones, tempo",repo/runtime/manual seed,local,0.72,0.72,0,10.12628258391107,local,189.740282517224,local orbit,local orbit,local orbit,54.339880440586384,0.02613919264548484,3.3009688089006315,Pitch/tone shaping.,"Focus moon, show top meteorites, reveal dust cloud",may own instanced dust cloud
moon:budget-state,moon,planet:budget-token-governor,Budget State,token_governor.state(),repo/runtime/manual seed,local,0.76,0.76,1,10.099413613166574,local,0.0,local orbit,local orbit,local orbit,57.90849448671237,0.026017879406675236,4.145224720887547,Daily spend and economy flag.,"Focus moon, show top meteorites, reveal dust cloud",may own instanced dust cloud
moon:underworld-web,moon,planet:underworld,Underworld Web,underworld/web/src/components,repo/runtime/manual seed,local,0.7,0.7,0,9.429185060361613,local,0.0,local orbit,local orbit,local orbit,51.999523673102175,0.026353226358994494,4.670066016813523,Underworld scene UI.,"Focus moon, show top meteorites, reveal dust cloud",may own instanced dust cloud
moon:underworld-backend,moon,planet:underworld,Underworld Backend,underworld-backend PM2,repo/runtime/manual seed,local,0.66,0.66,0,9.30304775057173,local,189.740282517224,local orbit,local orbit,local orbit,51.87338636331229,0.025648915168335215,5.09534935324769,Underworld API service.,"Focus moon, show top meteorites, reveal dust cloud",may own instanced dust cloud
met:critical-health-alert,meteorite,moon:vps-server,Critical health alert,health.alerts[],metrics/tasks/search/runtime,local,0.9,0.9,4,2.737082194782389,local,0.0,local orbit,local orbit,local orbit,31.605682159689,0.06933476061932975,3.3938301497012615,Streaking red/orange meteorite; created from current health snapshot.,"Inspect meteorite, reveal satellites",active object; can expire/demote to dust
met:stopped-worker,meteorite,moon:pm2-processes,Stopped/crashed worker,workers status != online,metrics/tasks/search/runtime,local,0.88,0.88,4,2.6688850058212776,local,0.0,local orbit,local orbit,local orbit,31.305240444342225,0.06881361357938856,3.2377279648223376,Active issue object with Restart/View logs satellites.,"Inspect meteorite, reveal satellites",active object; can expire/demote to dust
met:latest-build-job,meteorite,moon:upgrade-builder,Latest build job,/tasks + /upgrade,metrics/tasks/search/runtime,local,0.86,0.86,4,2.5758134499109113,local,0.0,local orbit,local orbit,local orbit,30.85857751780004,0.06845063320260915,6.11590008934842,"Task progress, ETA, pause/cancel/clear actions.","Inspect meteorite, reveal satellites",active object; can expire/demote to dust
met:latest-suggestion,meteorite,moon:suggestions,Latest self-dev suggestion,/suggestions,metrics/tasks/search/runtime,local,0.76,0.76,4,2.4522203869337704,local,0.0,local orbit,local orbit,local orbit,30.587704546267936,0.06443800635288657,2.5859145462310944,Promoted suggestion with Build/Open Proposal satellites.,"Inspect meteorite, reveal satellites",active object; can expire/demote to dust
met:latest-proposal,meteorite,moon:proposals,Selected proposal,/proposal?id=,metrics/tasks/search/runtime,local,0.72,0.72,4,2.3694809810921065,local,0.0,local orbit,local orbit,local orbit,30.28020458377289,0.0630296087568305,0.9289879750143174,Readable proposal item.,"Inspect meteorite, reveal satellites",active object; can expire/demote to dust
met:recent-glb,meteorite,moon:glb-library,Latest generated GLB,glb.recent / library,metrics/tasks/search/runtime,local,0.72,0.72,4,2.265600653679011,local,0.0,local orbit,local orbit,local orbit,29.65414666664853,0.06369147377720011,2.9702144813611233,Promoted generated asset.,"Inspect meteorite, reveal satellites",active object; can expire/demote to dust
met:ocr-batch,meteorite,moon:ocr-ingest,Latest OCR/scrape batch,scrape/ingest batch,metrics/tasks/search/runtime,local,0.7,0.7,4,2.307178958145718,local,0.0,local orbit,local orbit,local orbit,29.99786845597233,0.06245407522385773,2.2919870001348555,Batch-level meteorite; raw docs remain dust.,"Inspect meteorite, reveal satellites",active object; can expire/demote to dust
met:search-result,meteorite,moon:search-flyto,Promoted search result,search index hit,metrics/tasks/search/runtime,local,0.82,0.82,4,2.777787531151816,local,0.0,local orbit,local orbit,local orbit,32.2174764870718,0.06530969885018958,4.589617733412306,Temporary meteorite created from a dust hit.,"Inspect meteorite, reveal satellites",active object; can expire/demote to dust
met:recent-note,meteorite,moon:recent-learning,Recent learned note,learning.recent_notes,metrics/tasks/search/runtime,local,0.62,0.62,4,2.3722402755104612,local,0.0,local orbit,local orbit,local orbit,30.80017252785971,0.058195175680805865,2.791528608347111,Recent note is meteorite briefly; old notes are dust.,"Inspect meteorite, reveal satellites",active object; can expire/demote to dust
met:graph-ingest-spike,meteorite,moon:knowledge-graph,Graph ingest spike,graphdata / ont_link delta,metrics/tasks/search/runtime,local,0.68,0.68,4,2.5753186971444664,local,0.0,local orbit,local orbit,local orbit,31.73120185779065,0.05987701205020002,5.3316480650296745,Live graph change event.,"Inspect meteorite, reveal satellites",active object; can expire/demote to dust
met:budget-warning,meteorite,moon:budget-state,Budget warning/economy mode,budget/economy_forced,metrics/tasks/search/runtime,local,0.72,0.72,4,2.0091448072218574,local,0.0,local orbit,local orbit,local orbit,28.10855842038843,0.06541912446194002,1.732812466632302,Token/cost warning meteorite.,"Inspect meteorite, reveal satellites",active object; can expire/demote to dust
met:tts-failure,meteorite,moon:tts-engine,TTS fallback/failure,/tts failure or fallback,metrics/tasks/search/runtime,local,0.6,0.6,4,1.9533205131305904,local,0.0,local orbit,local orbit,local orbit,28.27600909129103,0.05983956938716431,3.1238713620970304,Voice fallback event.,"Inspect meteorite, reveal satellites",active object; can expire/demote to dust
met:climate-offline,meteorite,moon:climate-zones,Climate bridge offline,climate_relay connected=false,metrics/tasks/search/runtime,local,0.68,0.68,4,2.0515921279111744,local,0.0,local orbit,local orbit,local orbit,28.53204503575057,0.06314470385621451,2.833578877770837,Home bridge offline event.,"Inspect meteorite, reveal satellites",active object; can expire/demote to dust
met:gpu-vram-high,meteorite,moon:vast-gpu-box,GPU VRAM high,box.vram_used_gb / total,metrics/tasks/search/runtime,local,0.82,0.82,4,2.706823868939933,local,0.0,local orbit,local orbit,local orbit,31.80317139337714,0.06573372240476992,4.18898424624047,Capacity warning event.,"Inspect meteorite, reveal satellites",active object; can expire/demote to dust
met:document-search-hit,meteorite,moon:document-vault,Selected document search hit,Document dust promoted by search,metrics/tasks/search/runtime,local,0.7,0.7,4,2.2787930892806045,local,0.0,local orbit,local orbit,local orbit,29.825648760148788,0.06263412729890909,6.027479647038644,Document as temporary meteorite only.,"Inspect meteorite, reveal satellites",active object; can expire/demote to dust
sat:critical-health-alert:open-vitals,satellite,met:critical-health-alert,Open vitals,action/control generated from meteorite context,actions/endpoints,local,0.79,0.79,0,0.30281451710808394,local,137.75578975159576,local action orbit,local action orbit,local action orbit,9.039896711890473,0.21495594643764088,2.4042920948504074,Stable final action/control. Only visible in meteorite inspect mode.,Open vitals,not dust
sat:critical-health-alert:run-all,satellite,met:critical-health-alert,Run all,action/control generated from meteorite context,actions/endpoints,local,0.7100000000000001,0.7100000000000001,0,0.2925599275566233,local,209.40801704521476,local action orbit,local action orbit,local action orbit,9.029642122339013,0.20378284691887535,3.654859377511405,Stable final action/control. Only visible in meteorite inspect mode.,Run all,not dust
sat:critical-health-alert:open-dashboard.py,satellite,met:critical-health-alert,Open dashboard.py,action/control generated from meteorite context,actions/endpoints,local,0.63,0.63,0,0.2819758453127455,local,243.13614799714094,local action orbit,local action orbit,local action orbit,9.019058040095135,0.19260063514199985,4.243526313166326,Stable final action/control. Only visible in meteorite inspect mode.,Open dashboard.py,not dust
sat:critical-health-alert:acknowledge,satellite,met:critical-health-alert,Acknowledge,action/control generated from meteorite context,actions/endpoints,local,0.55,0.55,0,0.2710074665877427,local,347.90825407670536,local action orbit,local action orbit,local action orbit,9.008089661370132,0.18140922885987243,6.072144528503493,Stable final action/control. Only visible in meteorite inspect mode.,Acknowledge,not dust
sat:stopped-worker:restart,satellite,met:stopped-worker,Restart,action/control generated from meteorite context,actions/endpoints,local,0.79,0.79,0,0.2952695851792021,local,97.8200208064681,local action orbit,local action orbit,local action orbit,8.96415459100048,0.21586216530285524,1.7072814374422272,Stable final action/control. Only visible in meteorite inspect mode.,Restart,not dust
sat:stopped-worker:view-logs,satellite,met:stopped-worker,View logs,action/control generated from meteorite context,actions/endpoints,local,0.7100000000000001,0.7100000000000001,0,0.28527049916457087,local,334.9829882325099,local action orbit,local action orbit,local action orbit,8.954155504985849,0.20464002395710074,5.8465560828267185,Stable final action/control. Only visible in meteorite inspect mode.,View logs,not dust
sat:stopped-worker:open-service-file,satellite,met:stopped-worker,Open service file,action/control generated from meteorite context,actions/endpoints,local,0.63,0.63,0,0.27495013010334485,local,45.27497479814919,local action orbit,local action orbit,local action orbit,8.943835135924623,0.19340888144993676,0.7901973789851584,Stable final action/control. Only visible in meteorite inspect mode.,Open service file,not dust
sat:stopped-worker:disable,satellite,met:stopped-worker,Disable,action/control generated from meteorite context,actions/endpoints,local,0.55,0.55,0,0.2642550396989968,local,331.53827069595883,local action orbit,local action orbit,local action orbit,8.933140045520275,0.1821686567863806,5.786434420012713,Stable final action/control. Only visible in meteorite inspect mode.,Disable,not dust
sat:latest-build-job:pause,satellite,met:latest-build-job,Pause,action/control generated from meteorite context,actions/endpoints,local,0.79,0.79,0,0.28497270103256567,local,164.44340610048812,local action orbit,local action orbit,local action orbit,8.860786150943477,0.2171176202844535,2.870078869647647,Stable final action/control. Only visible in meteorite inspect mode.,Pause,not dust
sat:latest-build-job:cancel,satellite,met:latest-build-job,Cancel,action/control generated from meteorite context,actions/endpoints,local,0.7100000000000001,0.7100000000000001,0,0.2753223113802855,local,256.35960809336035,local action orbit,local action orbit,local action orbit,8.851135761291197,0.20582749716649293,4.4743192303514405,Stable final action/control. Only visible in meteorite inspect mode.,Cancel,not dust
sat:latest-build-job:view-task-log,satellite,met:latest-build-job,View task log,action/control generated from meteorite context,actions/endpoints,local,0.63,0.63,0,0.2653618427284074,local,220.1504195528455,local action orbit,local action orbit,local action orbit,8.841175292639319,0.19452853009386306,3.8423496708440568,Stable final action/control. Only visible in meteorite inspect mode.,View task log,not dust
sat:latest-build-job:open-output,satellite,met:latest-build-job,Open output,action/control generated from meteorite context,actions/endpoints,local,0.55,0.55,0,0.25503972032469013,local,8.853605084319973,local action orbit,local action orbit,local action orbit,8.830853170235601,0.1832206398275604,0.15452455939269372,Stable final action/control. Only visible in meteorite inspect mode.,Open output,not dust
sat:latest-suggestion:open-proposal,satellite,met:latest-suggestion,Open proposal,action/control generated from meteorite context,actions/endpoints,local,0.79,0.79,0,0.27129909862680834,local,7.497557738678893,local action orbit,local action orbit,local action orbit,8.72351948556058,0.21881915174915872,0.13085706839832728,Stable final action/control. Only visible in meteorite inspect mode.,Open proposal,not dust
sat:latest-suggestion:build,satellite,met:latest-suggestion,Build,action/control generated from meteorite context,actions/endpoints,local,0.7100000000000001,0.7100000000000001,0,0.26211175540209053,local,81.71853928866761,local action orbit,local action orbit,local action orbit,8.714332142335861,0.2074368169811792,1.4262575705075948,Stable final action/control. Only visible in meteorite inspect mode.,Build,not dust
sat:latest-suggestion:dismiss,satellite,met:latest-suggestion,Dismiss,action/control generated from meteorite context,actions/endpoints,local,0.63,0.63,0,0.2526292114343218,local,143.76287872525,local action orbit,local action orbit,local action orbit,8.704849598368092,0.19604585747905545,2.509135575900921,Stable final action/control. Only visible in meteorite inspect mode.,Dismiss,not dust
sat:latest-suggestion:pin-to-dock,satellite,met:latest-suggestion,Pin to dock,action/control generated from meteorite context,actions/endpoints,local,0.55,0.55,0,0.24280236663867222,local,275.44445420509305,local action orbit,local action orbit,local action orbit,8.695022753572442,0.1846461964226033,4.8074126322376145,Stable final action/control. Only visible in meteorite inspect mode.,Pin to dock,not dust
sat:latest-proposal:build-this,satellite,met:latest-proposal,Build this,action/control generated from meteorite context,actions/endpoints,local,0.79,0.79,0,0.2621453021958812,local,207.85208980735672,local action orbit,local action orbit,local action orbit,8.631626283287988,0.21998085389892863,3.627703324289321,Stable final action/control. Only visible in meteorite inspect mode.,Build this,not dust
sat:latest-proposal:edit-proposal,satellite,met:latest-proposal,Edit proposal,action/control generated from meteorite context,actions/endpoints,local,0.7100000000000001,0.7100000000000001,0,0.2532679455138604,local,298.95962405459943,local action orbit,local action orbit,local action orbit,8.622748926605967,0.20853551258093503,5.2178297702772,Stable final action/control. Only visible in meteorite inspect mode.,Edit proposal,not dust
sat:latest-proposal:copy-brief,satellite,met:latest-proposal,Copy brief,action/control generated from meteorite context,actions/endpoints,local,0.63,0.63,0,0.24410534834122521,local,334.7463740629019,local action orbit,local action orbit,local action orbit,8.613586329433332,0.19708170030191602,5.842426386510186,Stable final action/control. Only visible in meteorite inspect mode.,Copy brief,not dust
sat:latest-proposal:rollback-plan,satellite,met:latest-proposal,Rollback plan,action/control generated from meteorite context,actions/endpoints,local,0.55,0.55,0,0.2346100672598415,local,82.50062449893463,local action orbit,local action orbit,local action orbit,8.604091048351949,0.18561934191847496,1.4399075324579063,Stable final action/control. Only visible in meteorite inspect mode.,Rollback plan,not dust
sat:recent-glb:open,satellite,met:recent-glb,Open,action/control generated from meteorite context,actions/endpoints,local,0.79,0.79,0,0.2506525997689718,local,259.64999719049086,local action orbit,local action orbit,local action orbit,8.516253253447983,0.22146592465185888,4.5317473537680915,Stable final action/control. Only visible in meteorite inspect mode.,Open,not dust
sat:recent-glb:preview,satellite,met:recent-glb,Preview,action/control generated from meteorite context,actions/endpoints,local,0.7100000000000001,0.7100000000000001,0,0.24216443495050669,local,292.05759642926455,local action orbit,local action orbit,local action orbit,8.507765088629517,0.209939978905035,5.097366663151501,Stable final action/control. Only visible in meteorite inspect mode.,Preview,not dust
sat:recent-glb:regenerate,satellite,met:recent-glb,Regenerate,action/control generated from meteorite context,actions/endpoints,local,0.63,0.63,0,0.2334035348591492,local,332.1371919596887,local action orbit,local action orbit,local action orbit,8.49900418853816,0.1984057636632834,5.796887568025006,Stable final action/control. Only visible in meteorite inspect mode.,Regenerate,not dust
sat:recent-glb:use-in-scene,satellite,met:recent-glb,Use in scene,action/control generated from meteorite context,actions/endpoints,local,0.55,0.55,0,0.2243245360418919,local,165.32088901971488,local action orbit,local action orbit,local action orbit,8.489925189720903,0.18686320595624317,2.8853938357181654,Stable final action/control. Only visible in meteorite inspect mode.,Use in scene,not dust
sat:ocr-batch:open-batch,satellite,met:ocr-batch,Open batch,action/control generated from meteorite context,actions/endpoints,local,0.79,0.79,0,0.2552525764204803,local,295.6025020162581,local action orbit,local action orbit,local action orbit,8.562431534566198,0.22086792034914532,5.15923693731688,Stable final action/control. Only visible in meteorite inspect mode.,Open batch,not dust
sat:ocr-batch:re-run-ocr,satellite,met:ocr-batch,Re-run OCR,action/control generated from meteorite context,actions/endpoints,local,0.7100000000000001,0.7100000000000001,0,0.24660863679650719,local,302.38786209895926,local action orbit,local action orbit,local action orbit,8.553787594942225,0.20937444023561577,5.27766381169341,Stable final action/control. Only visible in meteorite inspect mode.,Re-run OCR,not dust
sat:ocr-batch:summarise,satellite,met:ocr-batch,Summarise,action/control generated from meteorite context,actions/endpoints,local,0.63,0.63,0,0.2376869566617606,local,219.88388156981296,local action orbit,local action orbit,local action orbit,8.544865914807477,0.19787260883891022,3.8376977054585137,Stable final action/control. Only visible in meteorite inspect mode.,Summarise,not dust
sat:ocr-batch:link-to-topic,satellite,met:ocr-batch,Link to topic,action/control generated from meteorite context,actions/endpoints,local,0.55,0.55,0,0.22844134005311814,local,16.594959948350432,local action orbit,local action orbit,local action orbit,8.535620298198836,0.1863623523096848,0.28963669033530315,Stable final action/control. Only visible in meteorite inspect mode.,Link to topic,not dust
sat:search-result:open,satellite,met:search-result,Open,action/control generated from meteorite context,actions/endpoints,local,0.79,0.79,0,0.3073179137543108,local,5.576255797775522,local action orbit,local action orbit,local action orbit,9.085105444906127,0.21442045427364143,0.09732402360460594,Stable final action/control. Only visible in meteorite inspect mode.,Open,not dust
sat:search-result:inspect-relations,satellite,met:search-result,Inspect relations,action/control generated from meteorite context,actions/endpoints,local,0.7100000000000001,0.7100000000000001,0,0.2969108200077557,local,224.91740226394438,local action orbit,local action orbit,local action orbit,9.074698351159572,0.2032763225440067,3.9255492145383775,Stable final action/control. Only visible in meteorite inspect mode.,Inspect relations,not dust
sat:search-result:pin,satellite,met:search-result,Pin,action/control generated from meteorite context,actions/endpoints,local,0.63,0.63,0,0.28616933341967515,local,93.3809338727456,local action orbit,local action orbit,local action orbit,9.063956864571491,0.19212301384097677,1.6298047546665102,Stable final action/control. Only visible in meteorite inspect mode.,Pin,not dust
sat:search-result:send-to-agent-os,satellite,met:search-result,Send to Agent OS,action/control generated from meteorite context,actions/endpoints,local,0.55,0.55,0,0.27503783517042873,local,245.54333880672775,local action orbit,local action orbit,local action orbit,9.052825366322244,0.1809604451836007,4.285539718517364,Stable final action/control. Only visible in meteorite inspect mode.,Send to Agent OS,not dust
sat:recent-note:open-note,satellite,met:recent-note,Open note,action/control generated from meteorite context,actions/endpoints,local,0.79,0.79,0,0.26245057414147566,local,121.20589468656243,local action orbit,local action orbit,local action orbit,8.634690849651937,0.21994181337253566,2.115441935106015,Stable final action/control. Only visible in meteorite inspect mode.,Open note,not dust
sat:recent-note:link-to-topic,satellite,met:recent-note,Link to topic,action/control generated from meteorite context,actions/endpoints,local,0.7100000000000001,0.7100000000000001,0,0.25356287965090607,local,227.62899362194096,local action orbit,local action orbit,local action orbit,8.625803155161368,0.2084985901346614,3.972875411704042,Stable final action/control. Only visible in meteorite inspect mode.,Link to topic,not dust
sat:recent-note:summarise,satellite,met:recent-note,Summarise,action/control generated from meteorite context,actions/endpoints,local,0.63,0.63,0,0.24438961250310004,local,161.08419613006623,local action orbit,local action orbit,local action orbit,8.616629888013561,0.19704689071365789,2.8114495953979635,Stable final action/control. Only visible in meteorite inspect mode.,Summarise,not dust
sat:recent-note:promote,satellite,met:recent-note,Promote,action/control generated from meteorite context,actions/endpoints,local,0.55,0.55,0,0.23488327403138584,local,300.18804770433064,local action orbit,local action orbit,local action orbit,8.607123549541846,0.18558663990944696,5.2392698075743755,Stable final action/control. Only visible in meteorite inspect mode.,Promote,not dust
sat:graph-ingest-spike:open-graph,satellite,met:graph-ingest-spike,Open graph,action/control generated from meteorite context,actions/endpoints,local,0.79,0.79,0,0.2849179645250744,local,113.04527702579398,local action orbit,local action orbit,local action orbit,8.860236661669541,0.2171243527205279,1.9730122879292076,Stable final action/control. Only visible in meteorite inspect mode.,Open graph,not dust
sat:graph-ingest-spike:focus-node,satellite,met:graph-ingest-spike,Focus node,action/control generated from meteorite context,actions/endpoints,local,0.7100000000000001,0.7100000000000001,0,0.2752694284841177,local,177.88340461856765,local action orbit,local action orbit,local action orbit,8.850588125628583,0.20583386492039907,3.1046510952512936,Stable final action/control. Only visible in meteorite inspect mode.,Focus node,not dust
sat:graph-ingest-spike:inspect-links,satellite,met:graph-ingest-spike,Inspect links,action/control generated from meteorite context,actions/endpoints,local,0.63,0.63,0,0.26531087300239586,local,90.45692891125962,local action orbit,local action orbit,local action orbit,8.840629570146863,0.19453453401899312,1.57877124074393,Stable final action/control. Only visible in meteorite inspect mode.,Inspect links,not dust
sat:graph-ingest-spike:replay-delta,satellite,met:graph-ingest-spike,Replay delta,action/control generated from meteorite context,actions/endpoints,local,0.55,0.55,0,0.2549907332339564,local,40.188162885650094,local action orbit,local action orbit,local action orbit,8.830309430378422,0.18322628078678918,0.7014157626823796,Stable final action/control. Only visible in meteorite inspect mode.,Replay delta,not dust
sat:budget-warning:open-budget,satellite,met:budget-warning,Open budget,action/control generated from meteorite context,actions/endpoints,local,0.79,0.79,0,0.2222798481386021,local,286.3395485017308,local action orbit,local action orbit,local action orbit,8.23142465536046,0.22526498688970645,4.997567900029199,Stable final action/control. Only visible in meteorite inspect mode.,Open budget,not dust
sat:budget-warning:force-economy,satellite,met:budget-warning,Force economy,action/control generated from meteorite context,actions/endpoints,local,0.7100000000000001,0.7100000000000001,0,0.2147525055594193,local,119.47375168080296,local action orbit,local action orbit,local action orbit,8.223897312781277,0.21353253442148115,2.085210336540121,Stable final action/control. Only visible in meteorite inspect mode.,Force economy,not dust
sat:budget-warning:raise-cap,satellite,met:budget-warning,Raise cap,action/control generated from meteorite context,actions/endpoints,local,0.63,0.63,0,0.2069833001186646,local,237.66435485278822,local action orbit,local action orbit,local action orbit,8.216128107340522,0.20179235312354504,4.148025506809318,Stable final action/control. Only visible in meteorite inspect mode.,Raise cap,not dust
sat:budget-warning:view-spend,satellite,met:budget-warning,View spend,action/control generated from meteorite context,actions/endpoints,local,0.55,0.55,0,0.1989320033030298,local,251.98041656333498,local action orbit,local action orbit,local action orbit,8.208076810524886,0.19004437573145022,4.39788791957705,Stable final action/control. Only visible in meteorite inspect mode.,View spend,not dust
sat:tts-failure:retry-tts,satellite,met:tts-failure,Retry TTS,action/control generated from meteorite context,actions/endpoints,local,0.79,0.79,0,0.21610377980920703,local,216.10741693901537,local action orbit,local action orbit,local action orbit,8.169424292939798,0.22611817502965098,3.771785963565984,Stable final action/control. Only visible in meteorite inspect mode.,Retry TTS,not dust
sat:tts-failure:use-piper,satellite,met:tts-failure,Use Piper,action/control generated from meteorite context,actions/endpoints,local,0.7100000000000001,0.7100000000000001,0,0.20878558521396026,local,319.9002583138413,local action orbit,local action orbit,local action orbit,8.162106098344552,0.2143392843235822,5.583312785556894,Stable final action/control. Only visible in meteorite inspect mode.,Use Piper,not dust
sat:tts-failure:use-xtts,satellite,met:tts-failure,Use XTTS,action/control generated from meteorite context,actions/endpoints,local,0.63,0.63,0,0.2012322479415034,local,104.91071140973611,local action orbit,local action orbit,local action orbit,8.154552761072093,0.2025527912671599,1.831037334709477,Stable final action/control. Only visible in meteorite inspect mode.,Use XTTS,not dust
sat:tts-failure:open-voice-settings,satellite,met:tts-failure,Open voice settings,action/control generated from meteorite context,actions/endpoints,local,0.55,0.55,0,0.19340465723188774,local,95.06444499247345,local action orbit,local action orbit,local action orbit,8.146725170362478,0.19075862990567571,1.6591875666996978,Stable final action/control. Only visible in meteorite inspect mode.,Open voice settings,not dust
sat:climate-offline:refresh-bridge,satellite,met:climate-offline,Refresh bridge,action/control generated from meteorite context,actions/endpoints,local,0.79,0.79,0,0.2269759675834511,local,297.81911030826603,local action orbit,local action orbit,local action orbit,8.278568095494625,0.22462266997982522,5.197924050239426,Stable final action/control. Only visible in meteorite inspect mode.,Refresh bridge,not dust
sat:climate-offline:open-zones,satellite,met:climate-offline,Open zones,action/control generated from meteorite context,actions/endpoints,local,0.7100000000000001,0.7100000000000001,0,0.2192895943942055,local,256.0284946709937,local action orbit,local action orbit,local action orbit,8.27088172230538,0.21292516333404624,4.468540210933597,Stable final action/control. Only visible in meteorite inspect mode.,Open zones,not dust
sat:climate-offline:warm-room,satellite,met:climate-offline,Warm room,action/control generated from meteorite context,actions/endpoints,local,0.63,0.63,0,0.21135624849246487,local,158.05505980692223,local action orbit,local action orbit,local action orbit,8.262948376403639,0.2012198338707425,2.758581193067346,Stable final action/control. Only visible in meteorite inspect mode.,Warm room,not dust
sat:climate-offline:check-status,satellite,met:climate-offline,Check status,action/control generated from meteorite context,actions/endpoints,local,0.55,0.55,0,0.2031348514547507,local,207.9534504022341,local action orbit,local action orbit,local action orbit,8.254726979365925,0.1895066133461956,3.6294724004017116,Stable final action/control. Only visible in meteorite inspect mode.,Check status,not dust
sat:gpu-vram-high:open-gpu,satellite,met:gpu-vram-high,Open GPU,action/control generated from meteorite context,actions/endpoints,local,0.79,0.79,0,0.2994669156564546,local,171.6653506857495,local action orbit,local action orbit,local action orbit,9.006290784596388,0.21535661458928357,2.9961255810570346,Stable final action/control. Only visible in meteorite inspect mode.,Open GPU,not dust
sat:gpu-vram-high:unload-model,satellite,met:gpu-vram-high,Unload model,action/control generated from meteorite context,actions/endpoints,local,0.7100000000000001,0.7100000000000001,0,0.28932569015106474,local,299.38421430517553,local action orbit,local action orbit,local action orbit,8.996149559090998,0.20416183512363126,5.22524026812162,Stable final action/control. Only visible in meteorite inspect mode.,Unload model,not dust
sat:gpu-vram-high:route-to-tier,satellite,met:gpu-vram-high,Route to tier,action/control generated from meteorite context,actions/endpoints,local,0.63,0.63,0,0.2788586144807889,local,92.81140140556064,local action orbit,local action orbit,local action orbit,8.985682483420721,0.1929579922740959,1.6198645379171261,Stable final action/control. Only visible in meteorite inspect mode.,Route to tier,not dust
sat:gpu-vram-high:pause-heavy-worker,satellite,met:gpu-vram-high,Pause heavy worker,action/control generated from meteorite context,actions/endpoints,local,0.55,0.55,0,0.2680114907104445,local,275.54685281485945,local action orbit,local action orbit,local action orbit,8.974835359650378,0.18174500434555851,4.809199825127503,Stable final action/control. Only visible in meteorite inspect mode.,Pause heavy worker,not dust
sat:document-search-hit:open-document,satellite,met:document-search-hit,Open document,action/control generated from meteorite context,actions/endpoints,local,0.79,0.79,0,0.25211213248735026,local,140.84432568886416,local action orbit,local action orbit,local action orbit,8.530905221767956,0.221275657258042,2.4581972160219103,Stable final action/control. Only visible in meteorite inspect mode.,Open document,not dust
sat:document-search-hit:summarise,satellite,met:document-search-hit,Summarise,action/control generated from meteorite context,actions/endpoints,local,0.7100000000000001,0.7100000000000001,0,0.24357454167337203,local,35.75903952022992,local action orbit,local action orbit,local action orbit,8.522367630953976,0.2097600423023477,0.6241129769787855,Stable final action/control. Only visible in meteorite inspect mode.,Summarise,not dust
sat:document-search-hit:extract-quote,satellite,met:document-search-hit,Extract quote,action/control generated from meteorite context,actions/endpoints,local,0.63,0.63,0,0.23476262746790771,local,297.1362639817261,local action orbit,local action orbit,local action orbit,8.513555716748513,0.19823613173199126,5.186006133556156,Stable final action/control. Only visible in meteorite inspect mode.,Extract quote,not dust
sat:document-search-hit:link-to-topic,satellite,met:document-search-hit,Link to topic,action/control generated from meteorite context,actions/endpoints,local,0.55,0.55,0,0.22563076226970674,local,54.496580216683576,local action orbit,local action orbit,local action orbit,8.50442385155031,0.18670385229637018,0.9511447558583332,Stable final action/control. Only visible in meteorite inspect mode.,Link to topic,not dust
dust:documents,dust,moon:document-vault,Documents / PDFs / OCR rows,34k+ projected docs / live fetched docs,document,cloud,0.22,0.35,0,0.12442152636362318,cloud,hashed,instanced,instanced,instanced,cloud radius,0.00830754927761491,1.756558914241261,Individual docs are instanced dust unless searched or active.,Search can promote matching dust to meteorite,instanced particles; no labels; no bloom; hidden outside relevant mode
dust:notes,dust,moon:recent-learning,Notes / lessons,concept notes + lessons,note,cloud,0.22,0.35,0,0.12442152636362318,cloud,hashed,instanced,instanced,instanced,cloud radius,0.00830754927761491,3.634296239643673,Old notes are dust; recent/selected notes become meteorites.,Search can promote matching dust to meteorite,instanced particles; no labels; no bloom; hidden outside relevant mode
dust:logs,dust,moon:pm2-processes,Log lines,pm2 logs / feedback events,log,cloud,0.22,0.35,0,0.12442152636362318,cloud,hashed,instanced,instanced,instanced,cloud radius,0.00830754927761491,1.9446908463694645,Log lines never get labels; selected errors can become meteorites.,Search can promote matching dust to meteorite,instanced particles; no labels; no bloom; hidden outside relevant mode
dust:graph-leaves,dust,moon:knowledge-graph,Graph leaf nodes,bounded /graphdata + brain.db long tail,graph-node,cloud,0.22,0.35,0,0.12442152636362318,cloud,hashed,instanced,instanced,instanced,cloud radius,0.00830754927761491,5.209450304253998,Low-centrality graph nodes render as point cloud.,Search can promote matching dust to meteorite,instanced particles; no labels; no bloom; hidden outside relevant mode
dust:raw-files,dust,moon:document-vault,Raw repo files,repo scan files,file,cloud,0.22,0.35,0,0.12442152636362318,cloud,hashed,instanced,instanced,instanced,cloud radius,0.00830754927761491,1.4183718466508506,Files are dust unless searched; service clusters may become moons.,Search can promote matching dust to meteorite,instanced particles; no labels; no bloom; hidden outside relevant mode
dust:measurements,dust,moon:measurements,Measurement rows,111k+ measurements,record,cloud,0.22,0.35,0,0.12442152636362318,cloud,hashed,instanced,instanced,instanced,cloud radius,0.00830754927761491,5.657005285471039,Raw metrics as dust; spikes/alerts become meteorites.,Search can promote matching dust to meteorite,instanced particles; no labels; no bloom; hidden outside relevant mode
dust:glb-assets,dust,moon:glb-library,Inactive generated assets,GLB library long tail,record,cloud,0.22,0.35,0,0.12442152636362318,cloud,hashed,instanced,instanced,instanced,cloud radius,0.00830754927761491,1.3443381240204735,Inactive models are dust; selected latest GLB is meteorite.,Search can promote matching dust to meteorite,instanced particles; no labels; no bloom; hidden outside relevant mode
dust:endpoints,dust,moon:tool-registry,Low-use endpoints/tools,API endpoint/action catalogue,record,cloud,0.22,0.35,0,0.12442152636362318,cloud,hashed,instanced,instanced,instanced,cloud radius,0.00830754927761491,0.5900946881097306,Stable major actions can be satellites only inside inspect mode.,Search can promote matching dust to meteorite,instanced particles; no labels; no bloom; hidden outside relevant mode
dust:source-chunks,dust,moon:ocr-ingest,Source chunks / excerpts,scraped text chunks,document,cloud,0.22,0.35,0,0.12442152636362318,cloud,hashed,instanced,instanced,instanced,cloud radius,0.00830754927761491,4.174127411984516,Never visible at home; searchable dust.,Search can promote matching dust to meteorite,instanced particles; no labels; no bloom; hidden outside relevant mode
